1;2;3;4;5;6;7;8;;;
PB0000205162;Шайба стопорная парная;;арт. NL8ss;;;Nord-lock;88132.940.0080.000;;;
PB0000205656;Шайба стопорная парная;;арт. NL5ss;;;Nord-lock;88132.940.0050.000;;;
PB0000205658;Шайба стопорная парная;;арт. NL27ss;;;Nord-lock;88132.940.0270.000;;;
PB0000205716;Шайба стопорная парная;;арт. NL24ss;;;Nord-lock;88132.940.0240.000;;;
PB0000205657;Шайба стопорная парная;;арт. NL20ss;;;Nord-lock;88132.940.0200.000;;;
PB0000001325;Шайба стопорная парная;;арт. NL16ss;;;Nord-lock;88132.940.0160.000;;;
PB0000001446;Шайба стопорная парная;;арт. NL12ss;;;Nord-lock;88132.940.0120.000;;;
PB0000204959;Шайба стопорная парная;;арт. NL10ss;;;Nord-lock;88132.940.0100.000;;;
PB0000001137;Винт;40CrMoV4-7;TUN12110.102 M90x580;;TLV919101 FV200047;;99900.000.0119.082;;;
PB0000000957;Гайка;21CrMoV5-7;TUN12110.101 AM42x136;;FV200047 TLV818641;;99900.000.0143.075;;;
PB0000000956;Болт;21CrMoV5-7;TUN12110.101 AM30x82;;FV200047;;99900.000.0121.651;;;
PB0000016604;Гайка;21CrMoV5-7;TUN12100.109/00 M42;;;;41210.330.0420.000;;;
PB0000006829;Гайка колпачковая;24CrMo5;TUN1111.103 M60x2x32;;;;99900.000.0119.793;;;
PB0000233495;Гайка;21CrMoV5-7;TUN0303.21 M52;;;;40303.305.0520.000;;;
PB0000000007;Гайка;24CrMo5;TUN0303.21 M42;;TLV815209;;99900.000.0120.373;;;
PB0000000439;Гайка;24CrMo5;TUN0303.21 M30;;;;99900.000.0118.471;;;
PB0000000618;Гайка;24CrMo5;TUN0303.21 M24;;DGTLV-815221001;;99900.000.0118.567;;;
PB0000000619;Гайка;24CrMo5;TUN0303.21 M20;;;;99900.000.0118.573;;;
PB0000000035;Гайка;21CrMoV5-7;TUN0303.20 M56;;TLV824841;;40303.305.0560.000;;;
PB0000000176;Шпилька;21CrMoV5-7;TUN0303.13 M56x380x65;;TLV818641 FV200047;;44030.300.0560.380;;;
PB0000233494;Шпилька;40CrMoV4-6;TUN0303.13 M52x440x60;;EN10269 FV200047;;40303.306.0520.440;;;
PB0000233497;Шпилька;40CrMoV4-6;TUN0303.13 M52x410x60;;EN10269 FV200047;;40303.306.0520.410;;;
PB0000000547;Шпилька;21CrMoV5-7;TUN0303.13 M24x270x65;;FV200047 TLV818641;;99900.000.0119.730;;;
PB0000038393;Ввод кабельный;MS &Ni;MINI-PG8x1;;;LAPP;40310.734.0080.100;;;
PB0000000041;Гайка;8;M20 ISO4032;;;;04032.800.0200.000;;;
PB0000016406;Болт;21CrMoV5-7;"M16x25;T2-DIN267T29";;;;04017.362.0160.025;;;
PB0000263201;Штифт;8.8;M12x90;43-9420-41000/064;;;44762.804.0120.090;;;
PB0000263202;Штифт;8.8;M12x120;43-9420-41000/066;;;99900.000.0048.292;;;
PB0000002028;Шпилька;21CrMoV5-7;L=65;43-8210-10520/038;TLV918601;;99900.000.0118.255;;;
PB0000000346;Шайба;ST1203;KUN900.00 37;;;;00093.000.0370.000;;;
PB0000000442;Шайба;X5CrNi18-10;KUN900.00 21;;;;00093.920.0210.000;;;
PB0000241486;Штифт;NiCr20TiAl;ISO8744 6x22;;;;99900.000.0118.663;;;
PB0000001634;Штифт;X8CrNiS18-9 +AT;ISO8744 10x45;;DIN EN 10088-3;;99900.000.0016.901;;;
PB0000000019;Штифт;9SMNPB28K;ISO8737 16x75;;;;99900.000.0118.624;;;
PB0000006125;Штифт;9SMNPB28K;ISO8736 A-20x165;;;;99900.000.0036.947;;;
PB0000001023;Штифт;X22CrMoV12-1 +QT1;ISO8733 16x45;;;;99900.000.0029.423;;;
PB0000013823;Штифт;34CrMo4;ISO8733 10x20;;;;99900.000.0108.656;;;
PB0000001803;Гайка;O4-2;ISO8675 M24x2LH;;;;99900.000.0026.775;;;
PB0000001802;Гайка;O4-2;ISO8675 M24x2;;;;00439.407.0240.200;;;
PB0000000021;Шайба;St;ISO7090 6;;;;07090.000.0060.000;;;
PB0000000211;Шайба;St;ISO7090 30;;;;07090.000.0300.000;;;
PB0000000574;Шайба;24CrMo5;ISO7090 30;;;;99900.000.0083.770;;;
PB0000000194;Шайба;30CrMoV9 &BN;ISO7090 24;;;;00125.314.0250.000;;;
PB0000000488;Шайба;30CrMoV9;ISO7090 20;;;;00125.313.0210.000;;;
PB0000002229;Шайба;St;ISO7090 18;;;;07090.000.0180.000;;;
PB0000000192;Шайба;St;ISO7090 16;;;;07090.000.0160.000;;;
PB0000000193;Шайба;St;ISO7090 12;;;;07090.000.0120.000;;;
PB0000006761;Шайба;30CrMoV9 &BN;ISO7089 42;;;;07089.304.0420.000;;;
PB0000000421;Штифт;8.8;ISO4762 М16x40;;;;04762.800.0160.040;;;
PB0000000420;Штифт;8.8;ISO4762 М12x50;;;;04762.800.0120.050;;;
PB0000000419;Винт;8.8;ISO4762 М12x30;;;;04762.800.0120.030;;;
PB0000000417;Винт;8.8;ISO4762 М12x20;;;;04762.800.0120.020;;;
PB0000000416;Винт;8.8;ISO4762 М10x20;;;;04762.800.0100.020;;;
PB0000000476;Винт;8.8;ISO4762 M8x60;;;;04762.800.0080.060;;;
PB0000001220;Винт;X22CrMoV12-1;ISO4762 M8x16K;;;;99900.000.0019.351;;;
PB0000002018;Винт;X22CrMoV12-1;ISO4762 M8x12K;;EN10269;;99900.000.0118.667;;;
PB0000000509;Винт;8.8;ISO4762 M6x10;;;;04762.800.0060.010;;;
PB0000001364;Винт;21CrMoV5-7;ISO4762 M20x90K-T2;;;;40912.300.0200.090;;;
PB0000000705;Винт;8.8;ISO4762 M20x60;;;;04762.800.0200.060;;;
PB0000000422;Винт;8.8;ISO4762 M20x50;;;;04762.800.0200.050;;;
PB0000013103;Винт;8.8;ISO4762 M16x120;;;;04762.800.0160.120;;;
PB0000006779;Винт;8.8;ISO4762 M12x40;;;;04762.800.0120.040;;;
PB0000016347;Винт;X22CrMoV12-1 +QT1;ISO4762 M12x35K-T2;;;;04762.325.0120.035;;;
PB0000000725;Винт;8.8;ISO4762 M10x45;;;;04762.800.0100.045;;;
PB0000008010;Винт;8.8;ISO4762 M10x40;;;;04762.800.0100.040;;;
PB0000000477;Винт;8.8;ISO4762 M10x30;;;;04762.800.0100.030;;;
PB0000000003;Гайка;8;ISO4032 M6;;;;04032.800.0060.000;;;
PB0000000187;Гайка;8;ISO4032 M4;;;;04032.800.0040.000;;;
PB0000000698;Гайка;24CrMo5;ISO4032 M36;;;;04032.317.0360.000;;;
PB0000009134;Гайка;24CrMo5;ISO4032 M27;;;;40934.304.0270.000;;;
PB0000000012;Гайка;5-2;ISO4032 M24;;;;00934.504.0240.000;;;
PB0000000699;Гайка;24CrMo5;ISO4032 M24;;;;40934.304.0240.000;;;
PB0000000006;Гайка;5-2;ISO4032 M20;;;;04032.504.0200.000;;;
PB0000000438;Гайка;24CrMo5;ISO4032 M20;;;;40934.304.0200.000;;;
PB0000045504;Гайка;24CrMo5 &DACROMET500 8MYM;ISO4032 M20;;;;44032.390.0200.000;;;
PB0000000119;Гайка;8;ISO4032 M16;;;;04032.800.0160.000;;;
PB0000000168;Гайка;24CrMo5;ISO4032 M16;;;;99900.000.0007.192;;;
PB0000046481;Гайка;24CrMo5 &DACROMET500 8MYM;ISO4032 M16;;TLV815209;;44032.390.0160.000;;;
PB0000012553;Гайка;8 - A3C;ISO4032 M12;;;;04032.860.0120.000;;;
PB0000013129;Гайка;8;ISO4032 M10;;;;04032.800.0100.000;;;
PB0000001898;Штифт;X22CRMOV12-1 +QT1;ISO4028 M20x25;;;;99900.000.0051.572;;;
PB0000160569;Штифт;X22CrMoV12-1 +QT1;ISO4028 M10x25;;;;99900.000.0084.311;;;
PB0000000122;Штифт;45H;ISO4026 M6x10;;;;04026.200.0060.010;;;
PB0000000388;Болт;8.8;ISO4017 M8x16;;;;04017.800.0080.016;;;
PB0000000386;Болт;8.8;ISO4017 M6x20;;;;04017.800.0060.020;;;
PB0000000385;Болт;8.8;ISO4017 M6x16;;;;04017.800.0060.016;;;
PB0000008278;Болт;8.8;ISO4017 M6x12;;;;04017.800.0060.012;;;
PB0000013593;Болт;8.8;ISO4017 M4x20;;;;04017.800.0040.020;;;
PB0000011914;Болт;8.8;ISO4017 M4x10;;;;04017.800.0040.010;;;
PB0000000045;Болт;5.6;ISO4017 M42x200;;;;04017.800.0420.200;;;
PB0000000280;Болт;8.8;ISO4017 M42x150;;;;04017.800.0420.150;;;
PB0000002109;Болт;5.6;ISO4017 M36x140;;;;04017.507.0360.140;;;
PB0000000595;Болт;21CrMoV5-7;ISO4017 M30x70;;;;00933.300.0300.070;;;
PB0000017845;Болт;21CrMoV5-7;ISO4017 M27x100;;;;99900.000.0072.492;;;
PB0000001071;Болт;5.6;ISO4017 M24x85;;;;00933.504.0240.085;;;
PB0000002658;Болт;21CrMoV5-7;ISO4017 M24x80;;;;40933.330.0240.080;;;
PB0000002055;Болт;5.6;ISO4017 M24x25;;;;04017.507.0240.025;;;
PB0000008008;Болт;5.6;ISO4017 M24x230;;;;99900.000.0000.550;;;
PB0000001792;Болт;21CrMoV5-7;ISO4017 M24x135;;;;04017.362.0240.135;;;
PB0000000722;Болт;21CrMoV5-7;ISO4017 M24x110;;;;04017.331.0240.110;;;
PB0000006794;Болт;5.6;"ISO4017 M24x100; T2-DIN267T29";;;;00933.504.0240.100;;;
PB0000006059;Болт;X22CrMoV12-1 +QT1;ISO4017 M20x80;;;;99900.000.0118.474;;;
PB0000139574;Болт;21CrMoV5-7 &DACROMET500 10MYM;ISO4017 M20x75;;TLV818609;;99900.000.0118.051;;;
PB0000001789;Болт;21CrMoV5-7;ISO4017 M20x70 T2-DIN267T29;;;;99900.000.0118.057;;;
PB0000001010;Болт;21CrMoV5-7;ISO4017 M20x40;;;;00933.300.0200.040;;;
PB0000002047;Болт;21CrMoV5-7;ISO4017 M20x100;;;;00933.300.0200.100;;;
PB0000000962;Болт;8.8;ISO4017 M16x90;;;;04017.800.0160.090;;;
PB0000000502;Болт;X22CRMOV12-1 +QT1;ISO4017 M16x85;;;;99900.000.0118.530;;;
PB0000014437;Болт;21CrMoV5-7;ISO4017 M16x65;;;;04017.331.0160.065;;;
PB0000046479;Болт;21CrMoV5-7 &DACROMET500 8MYM;ISO4017 M16x65;;TLV818609;;99900.000.0118.541;;;
PB0000000501;Болт;8.8;ISO4017 M16x60;;;;04017.800.0160.060;;;
PB0000000401;Болт;8.8;ISO4017 M16x50;;;;04017.800.0160.050;;;
PB0000000400;Болт;8.8;ISO4017 M16x45;;;;04017.800.0160.045;;;
PB0000006790;Болт;21CrMoV5-7;ISO4017 M16x30;;;;00933.300.0160.030;;;
PB0000000397;Болт;8.8;ISO4017 M16x25;;;;04017.800.0160.025;;;
PB0000001699;Болт;21CrMoV5-7;ISO4017 M16x25;;;;00933.300.0160.025;;;
PB0000018335;Болт;8.8;ISO4017 M12x60;;;;04017.800.0120.060;;;
PB0000013143;Болт;8.8 - A3C;ISO4017 M12x55;;;;04017.860.0120.055;;;
PB0000012561;Болт;8.8;ISO4017 M12x40;;;;04017.800.0120.040;;;
PB0000013130;Болт;8.8;ISO4017 M12x35;;;;04017.800.0120.035;;;
PB0000018324;Болт;X22CRMOV12-1 +QT1;"ISO4017 M12x30; T2-DIN267T29";;TLV924807;;44017.100.0120.030;;;
PB0000009151;Болт;X22CrMoV12-1;ISO4017 M12x30;;;;04017.305.0120.030;;;
PB0000013125;Болт;8.8;ISO4017 M12x30;;;;04017.800.0120.030;;;
PB0000013127;Болт;8.8;ISO4017 M12x25;;;;04017.800.0120.025;;;
PB0000018322;Болт;8.8;ISO4017 M12x20;;;;04017.800.0120.020;;;
PB0000013128;Болт;8.8;ISO4017 M10x40;;;;04017.800.0100.040;;;
PB0000018308;Болт;8.8 - A3C;ISO4017 M10x40;;;;04017.860.0100.040;;;
PB0000018306;Болт;8.8;ISO4017 M10x30;;;;04017.800.0100.030;;;
PB0000013131;Болт;8.8;ISO4017 M10x25;;;;04017.800.0100.025;;;
PB0000013126;Болт;8.8;ISO4017 M10x22;;;;04017.800.0100.022;;;
PB0000011799;Болт;8.8;ISO4017 M10x20;;;;04017.800.0100.020;;;
PB0000013121;Болт;8.8;ISO4017 M10x16;;;;04017.800.0100.016;;;
PB0000013122;Болт;8.8;ISO4017 M10x120;;;;04017.800.0100.120;;;
PB0000000046;Болт;5.6;ISO4014 M42x300;;;;00931.500.0420.300;;;
PB0000007862;Болт;X22CRMOV12-1 +QT1;ISO4014 M30x90 T2-DIN267T29;;;;40931.332.0300.090;;;
PB0000001786;Болт;21CrMoV5-7;ISO4014 M24x90 Т2-DIN267T29;;;;99900.000.0118.535;;;
PB0000002601;Болт;21CrMoV5-7;"ISO4014 M24x110; T2-DIN267T29";;TLV918601;;99900.000.0139.619;;;
PB0000001783;Болт;40CrMoV4-7;"ISO4014 M20x70;T2-DIN267T29";;TLV919101;;40931.311.0200.070;;;
PB0000000382;Болт;8.8;ISO4014 M16x80;;;;04014.800.0160.080;;;
PB0000000381;Болт;8.8;ISO4014 M16x60;;;;00931.800.0160.060;;;
PB0000000380;Болт;8.8;ISO4014 M16x55;;;;04014.800.0160.055;;;
PB0000007876;Болт;X22CrMoV12-1 +QT1;ISO4014 M16x165 T2-DIN267T29;;;;99900.000.0024.658;;;
PB0000000160;Штифт;9SMNPB28K;ISO2339 A-8x32;;;;02339.001.0080.032;;;
PB0000000073;Штифт;9SMNPB28K;ISO2339 A5x22;;;;02339.001.0050.022;;;
PB0000000542;Штифт;9SMNPB28K;ISO2338 8M6x50;;;;99900.000.0026.021;;;
PB0000000543;Штифт;X22CrMoV12-1 +QT1;ISO2338 20M6x55;;;;99900.000.0023.296;;;
PB0000001036;Штифт;21CrMoV5-7;ISO2338 16M6x95;;;;99900.000.0149.885;;;
PB0000014285;Штифт;21CrMoV5-7;ISO2338 16M6x32;;;;02338.301.0160.032;;;
PB0000007860;Штифт;9SMNPB28K;ISO2338 10H8x35;;;;99900.000.0177.029;;;
PB0000000540;Шплинт;ST;ISO1234 6,3x71;;;;00094.010.0063.071;;;
PB0000000358;Шплинт;ST;ISO1234 4x40;;;;00094.010.0040.040;;;
PB0000000537;Шплинт;ST;ISO1234 2x35;;;;00094.010.0020.036;;;
PB0000000423;Винт;8.8;ISO10642 M5x10;;;;10642.800.0050.010;;;
PB0000000425;Винт;8.8;ISO10642 M10x25;;;;10642.800.0100.025;;;
PB0000000988;Уплотнение;SELECTA-BLAU;EN1514-1 IBC40PN40x2;;TLV910101;;01514.630.4040.200;;;
PB0000000678;Уплотнение;Cu;EN1514-1 IBC100PN40x2;;;;01514.700.1000.402;;;
PB0000002469;Штифт;40CrMoV4-7;DIN939 M20F0x85RIB;;DGTLV919101;;99900.000.0120.465;;;
PB0000000343;Шпилька;5.6;DIN939 M20F0x100RIB;;;;99900.000.0050.134;;;
PB0000000546;Шпилька;5.6;DIN939 M20F0x190;;;;99900.000.0176.541;;;
PB0000000344;Шпилька;5.6;DIN939 M20F0x170RIB;;;;99900.000.0104.005;;;
PB0000025497;Гайка;24CrMo5;DIN935 M30;;;;99900.000.0021.255;;;
PB0000000357;Гайка;5-2;DIN935 M16;;;;00935.300.9160.000;;;
PB0000000575;Винт;X22CrMoV12-1;DIN914 M8x20;;;;40914.332.0080.020;;;
PB0000001527;Заглушка резьбовая;C35E;DIN910 M56x2;;;;00910.304.0560.200;;;
PB0000000010;Заглушка резьбовая;C35E;DIN910 G1A;;;;00910.304.1000.000;;;
PB0000000430;Заглушка резьбовая;24CrMo5;DIN910 G1/2A;;;;00910.306.0500.000;;;
PB0000000709;Заглушка резьбовая;X6CrNIMoTi17-12-2;DIN910 G1/2A;;TLV836550;;40910.947.0500.000;;;
PB0000000429;Заглушка резьбовая;C35E;DIN908 M48x1,5;;;;00908.304.0480.150;;;
PB0000001883;Заглушка резьбовая;C35E;DIN908 M33x2;;;;99900.000.0015.082;;;
PB0000000952;Заглушка резьбовая;24CrMo5;DIN908 G1/8A;;;;99900.000.0125.080;;;
PB0000001124;Вставка резьбовая;X5CrNi18-10;DIN8140 AM20x40;;;BOELLHOFF;88330.921.0200.040;;;
PB0000000410;Винт;8.8;DIN7984 M8x30;;;;07984.800.0080.030;;;
PB0000000405;Винт;8.8;DIN7984 M5x10;;;;07984.800.0050.010;;;
PB0000000513;Винт;8.8;DIN7984 M16x30;;;;07984.800.0160.030;;;
PB0000000411;Винт;8.8;DIN7984 M10x20;;;;07984.800.0100.020;;;
PB0000000043;Винт;8.8;DIN7984 M10x16;;;;07984.800.0100.016;;;
PB0000000664;Штифт;9SMNPB28K;DIN7978 A14x80;;;;99900.000.0083.325;;;
PB0000001528;Кольцо уплотнительное;Cu;DIN7603 А56х64;;;;07603.701.0560.064;;;
PB0000000161;Кольцо уплотнительное;Cu;DIN7603 А48х55;;;;07603.701.0480.055;;;
PB0000000027;Кольцо уплотнительное;Cu;DIN7603 А42x49;;;;07603.701.0420.049;;;
PB0000000011;Кольцо уплотнительное;Cu;DIN7603 А33х39;;;;07603.701.0330.039;;;
PB0000000024;Кольцо уплотнительное;Cu;DIN7603 А27х32;;;;07603.701.0270.032;;;
PB0000000026;Кольцо уплотнительное;Cu;DIN7603 А24х29;;;;07603.701.0240.029;;;
PB0000000004;Кольцо уплотнительное;Cu;DIN7603 А22х27;;;;07603.701.0220.027;;;
PB0000000156;Кольцо уплотнительное;Cu;DIN7603 А21х26;;;;07603.701.0210.026;;;
PB0000006709;Кольцо уплотнительное;Cu;DIN7603 А16х22;;;;07603.701.0160.022;;;
PB0000009083;Уплотнение;St;DIN7603 D105x115;;;;07603.004.1050.115;;;
PB0000000107;Уплотнение;St;DIN7603 C13x17x2;;;DANIEL+JAEGER;07603.003.0130.017;;;
PB0000000449;Уплотнение;Cu;DIN7603 A6x10;;;;07603.701.0060.010;;;
PB0000009456;Уплотнение;Cu;DIN7603 A5,5x8;;;;07603.701.0055.008;;;
PB0000000013;Кольцо уплотнительное;Cu;DIN7603 A21x28;;;;07603.701.0210.028;;;
PB0000020501;Уплотнение;St;DIN7603 A21x26;;;;07603.001.0210.026;;;
PB0000000023;Уплотнение;Cu;DIN7603 A14x18;;;;07603.701.0140.018;;;
PB0000000953;Кольцо уплотнительное;St;DIN7603 A10x13,5;;;;99900.000.0131.632;;;
PB0000000155;Кольцо уплотнительное;Cu;DIN7603 A100x110;;;;07603.701.1000.110;;;
PB0000001001;Штифт;34CrMo4;DIN7 14M6x24;;;;02338.313.0140.024;;;
PB0000000362;Штифт;9SMNPB28K;DIN7 13M6x70;;;;00007.000.0130.070;;;
PB0000006081;Штифт;21CrMoV5-7;DIN7 13M6x40;;;;00007.305.0130.040;;;
PB0000000717;Штифт;21CrMoV5-7;DIN7 13M6x36;;;;99900.000.0014.124;;;
PB0000007729;Уплотнение о-образное;фторкаучук;DIN3771 28x2,65-N;;TLV900701;;43771.704.0280.265;;;
PB0000006935;Уплотнение о-образное;фторкаучук;DIN3771 25x2,65-N;;TLV900701;;43771.704.0250.265;;;
PB0000006933;Уплотнение о-образное;фторкаучук;DIN3771 170x3,55-N;;TLV900701;;43771.704.1700.355;;;
PB0000006710;Штифт;9SMNPB28K;DIN258 8x55 (KEGELLANGE 40 mm);;;;00258.000.0080.055;;;
PB0000019387;Штифт;9SMNPB28K;DIN258 6x55;;;;00258.000.0060.055;;;
PB0000038331;Штифт;C35E;DIN258 40x220;;;;00258.301.0400.220;;;
PB0000273851;Штифт;9SMNPB28K;DIN258 40x220;;;;00258.004.0400.220;;;
PB0000000038;Штифт;9SMNPB28K;DIN258 40x190;;;;00258.000.0400.190;;;
PB0000000337;Штифт;X22CrMoV12-1 +QT1;DIN258 30x310;;;;00258.300.0300.310;;;
PB0000000042;Штифт;9SMNPB28K;DIN258 30x250;;;;00258.004.0300.250;;;
PB0000000984;Штифт;X22CrMoV12-1 +QT1;DIN258 30x190;;EN10269;;00258.300.0300.190;;;
PB0000001064;Штифт;9SMNPB28K;DIN258 25x220;;;;00258.000.0250.220;;;
PB0000000745;Штифт;9SMNPB28K;DIN258 25x190;;;;00258.000.0250.190;;;
PB0000000008;Штифт;X22CrMoV12-1 +QT1;DIN258 25x160;;;;00258.300.0250.160;;;
PB0000000033;Штифт;X22CrMoV12-1 +QT1;DIN258 25x140;;;;00258.304.0250.140;;;
PB0000000448;Штифт;9SMNPB28K;DIN258 25x140;;;;00258.000.0250.140;;;
PB0000008006;Штифт;9SMNPB28K;DIN258 20x280;;;;99900.000.0118.475;;;
PB0000000154;Штифт;9SMNPB28K;DIN258 20x160;;;;00258.004.0200.160;;;
PB0000000742;Штифт;9SMNPB28K;DIN258 20x140;;;;00258.000.0200.140;;;
PB0000000009;Штифт;9SMNPB28K;DIN258 16x140;;;;00258.000.0160.140;;;
PB0000000065;Штифт;9SMNPB28K;DIN258 14x85;;;;00258.000.0140.085;;;
PB0000000447;Штифт;9SMNPB28K;DIN258 10x65;;;;00258.000.0100.065;;;
PB0000001917;Шпилька;24CrMo5;DIN2510-4 GPM36x310-F;;;;99900.000.0118.053;;;
PB0000000034;Шпилька;21CrMoV5-7;DIN2510 GPM56x280-F;;TLV818641 FV200047;;99900.000.0119.187;;;
PB0000002671;Шпилька;21CrMoV5-7;DIN2510 GPM42x220-F;;TLV80000400 TLV81862100 FV200047;;02510.318.0420.220;;;
PB0000002719;Шпилька;24CRMO5;DIN2510 AFM64;;;;02510.324.0640.000;;;
PB0000233492;Гайка;21CrMoV5-7;DIN2510 AFM42;;EN10269;;02510.319.0420.000;;;
PB0000000658;Гайка колпачковая;24CrMo5;DIN2510 AFM24;;TLV915201;;42510.323.0240.000;;;
PB0000009618;Шайба тарельчатая;50CRV4;DIN2093 B31,5;;;BAUER WELZHEIM;42093.005.0311.612;;;
PB0000000016;Уплотнение;Cu;DIN16258 C6,2x17,5;;;;16258.703.0062.017;;;
PB0000000359;Кольцо стопорное;federstahl;DIN 471 40x1,75;;;;00471.000.9400.000;;;
PB0000011343;Цилиндр;S295 +C;D=35 L=520;43-9420-42572/060;;;99900.000.0142.378;;;
PB0000002056;Цилиндр;S295 +C;D=35 L=375;43-9420-42572/060;;;99900.000.0049.965;;;
PB0000000001;;;;;;;04032.800.0120.000;;;
PB0000000002;;;;;;;00934.800.0080.000;;;
PB0000000135;;;;;;;00551.100.0200.020;;;
PB0000000214;;;;;;;44032.332.0200.000;;;
PB0000000389;;;;;;;00933.800.0080.020;;;
PB0000000398;;;;;;;00933.800.0160.030;;;
PB0000000478;;;;;;;00912.800.0120.035;;;
PB0000000505;;;;;;;00931.504.0240.180;;;
PB0000000538;;;;;;;00094.010.0032.050;;;
PB0000000986;;;;;;;00934.860.0160.000;;;
PB0000001716;;;;;;;00933.860.0160.090;;;
PB0000001921;;;;;;;00933.308.0200.040;;;
PB0000001923;;;;;;;00933.860.0160.050;;;
PB0000001943;;;;;;;07090.060.0120.000;;;
PB0000002158;;;;;;;00933.860.0160.065;;;
PB0000002159;;;;;;;00933.860.0160.035;;;
PB0000002160;;;;;;;00933.860.0160.055;;;
PB0000002182;;;;;;;00933.860.0160.075;;;
PB0000002439;;;;;;;00933.860.0200.075;;;
PB0000002547;;;;;;;07984.800.0200.030;;;
PB0000002701;;;;;;;07984.800.0160.025;;;
PB0000003098;;;;;;;10642.800.0060.016;;;
PB0000003143;;;;;;;00912.800.0270.100;;;
PB0000006823;;;;;;;40310.735.0110.007;;;
PB0000007025;;;;;;;00933.860.0160.060;;;
PB0000007042;;;;;;;00933.860.0160.040;;;
PB0000007071;;;;;;;00125.062.0170.000;;;
PB0000007118;;;;;;;04032.860.0080.000;;;
PB0000007237;;;;;;;04017.860.0100.030;;;
PB0000007288;;;;;;;00933.860.0160.120;;;
PB0000007395;;;;;;;00933.860.0160.160;;;
PB0000007430;;;;;;;08745.000.0060.082;;;
PB0000007551;;;;;;;99900.000.0024.209;;;
PB0000007747;;;;;;;00933.860.0160.080;;;
PB0000007749;;;;;;;00933.860.0160.070;;;
PB0000007801;;;;;;;00933.308.0240.090;;;
PB0000007803;;;;;;;04032.534.0240.000;;;
PB0000007984;;;;;;;00934.315.0300.150;;;
PB0000008013;;;;;;;07984.800.0050.030;;;
PB0000008617;;;;;;;04017.860.0120.075;;;
PB0000011794;;;;;;;04032.860.0100.000;;;
PB0000013155;;;;;;;00912.800.0160.100;;;
PB0000014462;;;;;;;02338.300.0100.020;;;
PB0000015079;;;;;;;00933.308.0200.050;;;
PB0000015115;;;;;;;00933.800.9040.012;;;
PB0000016894;;;;;;;43942.006.4960.700;;;
PB0000017006;;;;;;;99900.000.0117.310;;;
PB0000018240;;;;;;;99900.000.0126.773;;;
PB0000018312;;;;;;;04017.860.0100.050;;;
PB0000018325;;;;;;;04017.860.0120.030;;;
PB0000018329;;;;;;;04017.860.0120.040;;;
PB0000018333;;;;;;;04017.860.0120.050;;;
PB0000018338;;;;;;;04017.860.0120.070;;;
PB0000018340;;;;;;;04017.860.0120.080;;;
PB0000018920;;;;;;;00933.860.0200.080;;;
PB0000021545;;;;;;;04032.920.0120.000;;;
PB0000030168;;;;;;;00933.300.0200.080;;;
PB0000034046;;;;;;;04032.860.0200.000;;;
PB0000045502;;;;;;;44017.390.0120.060;;;
PB0000046473;;;;;;;99900.000.0118.044;;;
PB0000046475;;;;;;;44032.390.0240.000;;;
PB0000046484;;;;;;;99900.000.0118.046;;;
PB0000046486;;;;;;;44032.390.0120.000;;;
PB0000056267;;;;;;;99900.000.0120.392;;;
PB0000061556;;;;;;;99900.000.0118.634;;;
PB0000098772;;;;;;;99900.000.0117.312;;;
PB0000122688;;;;;;;44017.390.0240.100;;;
PB0000132642;;;;;;;99900.000.0101.231;;;
PB0000133049;;;;;;;99900.000.0025.461;;;
PB0000153051;;;;;;;00933.800.0180.060;;;
PB0000158016;;;;;;;04017.920.0120.060;;;
PB0000190351;;;;;;;99900.000.0118.061;;;
PB0000228538;;;;;;;99900.000.0140.806;;;
PB0000270620;;;;;;;04035.304.0240.000;;;
PB0000272614;;;;;;;99900.000.0092.097;;;
PG0033769200;;;;;;;04017.362.0240.035;;;
PG0034391400;;;;;;;43931.305.0160.060;;;
PG0035890400;;;;;;;99900.000.0112.065;;;
PG0037604200;;;;;;;43942.307.0420.315;;;
PG0038083600;;;;;;;99900.000.0129.507;;;
PG0038485500;;;;;;;99900.000.0115.525;;;
PG0038485600;;;;;;;99900.000.0129.519;;;
PG0038485700;;;;;;;99900.000.0115.526;;;
PG0038485800;;;;;;;99900.000.0147.425;;;
PG0038485900;;;;;;;99900.000.0140.612;;;
PB0000000047;Штифт;X22CrMoV12-1 +QT1;;43-0640-14201/003;EN10269;;99900.000.0106.345;;;
PB0000000074;;;;;;;40910.314.0420.150;;;
PB0000000428;;;;;;;00913.200.0080.010;;;
PB0000000692;Стопор;X22CrMoV12-1;;43-9422-14204/002 исп.1;;;99900.000.0149.498;;;
PB0000001890;Штифт;X22CRMOV12-1 +QT1;;43-8430-42571/035;TLV824841;;99900.000.0124.490;;;
PB0000002052;Штифт;X22CRMOV12-1 +QT1;;43-9420-42572/052;TLV824841;;99900.000.0119.180;;;
PB0000002066;Втулка;16Mo3;;43-9425-10530/007;;;99900.000.0148.331;;;
PB0000002068;Штифт;X22CrMoV12-1;;43-8420-10530/043;TLV824829;;99900.000.0124.108;;;
PB0000006104;Штифт;X22CRMOV12-1 +QT1;;43-9420-12528;TLV824831001;;99900.000.0118.719;;;
PB0000006107;Стопор;X22CrMoV12-1;;43-0640-14201/002 исп.1;EN10269;;99900.000.0118.876;;;
PB0000006108;Штифт;X22CrMoV12-1 +QT1;;43-8420-12522/003;;;43842.304.0080.028;;;
PB0000006136;Штифт;X22CrMoV12-1 +QT1;;43-9422-14204/003;EN10269;;99900.000.0004.260;;;
PB0000006750;Шайба;30CrMoV9 &BN;;43-9420-10520/013;DGTLV-813802001;;99900.000.0109.824;;;
PB0000006772;Втулка резьбовая;9SMNPB28K &ZN;;605227/00;;AUER, BERLIN;46052.010.0210.015;;;
PB0000006888;Шайба;30CrMoV9 &BN;;43-9421-10514/002;;;99900.000.0118.658;;;
PB0000006962;Шайба;40CrMoV4-7 &BN;;43-0949-42135/056;TLV919101;;99900.000.0175.273;;;
PB0000007855;Шайба;NiCr20Ti;;43-9410-12218/001;;;99900.000.0123.449;;;
PB0000007922;Болт;5.6;;43-9426-12337/005;;;43942.504.2043.000;;;
